structure,n,bytes,mb,bytes_per_element
DynamicArray,100,592,0.000565,5.92
MyLinkedList,100,2472,0.002357,24.72
MinHeap,100,592,0.000565,5.92
int[] (raw),100,416,0.000397,4.16
DynamicArray,1000,4176,0.003983,4.18
MyLinkedList,1000,24072,0.022957,24.07
MinHeap,1000,4176,0.003983,4.18
int[] (raw),1000,4016,0.003830,4.02
DynamicArray,10000,65616,0.062576,6.56
MyLinkedList,10000,240072,0.228951,24.01
MinHeap,10000,65616,0.062576,6.56
int[] (raw),10000,40016,0.038162,4.00
DynamicArray,100000,524368,0.500076,5.24
MyLinkedList,100000,2400072,2.288887,24.00
MinHeap,100000,524368,0.500076,5.24
int[] (raw),100000,400016,0.381485,4.00
DynamicArray,1000000,4194384,4.000076,4.19
MyLinkedList,1000000,24000072,22.888252,24.00
MinHeap,1000000,4194384,4.000076,4.19
int[] (raw),1000000,4000016,3.814713,4.00
