workload,variant,structure,n,time_ms,steps,moves,comparisons
W1_random_access,-,DynamicArray,100,0.0208,10000,0,0
W1_random_access,-,MyLinkedList,100,0.5069,511508,0,0
W2_search,-,DynamicArray,100,0.0578,75534,0,75534
W2_search,-,MyLinkedList,100,0.1700,75534,0,75534
W3_insert_remove,head,DynamicArray,100,0.1390,1000,1200920,0
W3_insert_remove,head,MyLinkedList,100,0.0093,1000,3000,0
W3_insert_remove,middle,DynamicArray,100,0.1435,1000,1100920,0
W3_insert_remove,middle,MyLinkedList,100,0.0880,99000,3000,0
W4_priority,-,MinHeap,100,0.0024,1753,1337,1035
W1_random_access,-,DynamicArray,1000,0.0207,10000,0,0
W1_random_access,-,MyLinkedList,1000,5.8984,5015208,0,0
W2_search,-,DynamicArray,1000,0.5094,750510,0,750510
W2_search,-,MyLinkedList,1000,1.4057,750510,0,750510
W3_insert_remove,head,DynamicArray,1000,0.2469,1000,3000024,0
W3_insert_remove,head,MyLinkedList,1000,0.0090,1000,3000,0
W3_insert_remove,middle,DynamicArray,1000,0.2099,1000,2000024,0
W3_insert_remove,middle,MyLinkedList,1000,1.3551,999000,3000,0
W4_priority,-,MinHeap,1000,0.0477,27958,20209,17226
W1_random_access,-,DynamicArray,10000,0.0228,10000,0,0
W1_random_access,-,MyLinkedList,10000,64.3790,50139208,0,0
W2_search,-,DynamicArray,10000,5.1507,7403734,0,7403734
W2_search,-,MyLinkedList,10000,14.1100,7403734,0,7403734
W3_insert_remove,head,DynamicArray,10000,2.8482,1000,20999000,0
W3_insert_remove,head,MyLinkedList,10000,0.0092,1000,3000,0
W3_insert_remove,middle,DynamicArray,10000,0.7962,1000,10999000,0
W3_insert_remove,middle,MyLinkedList,10000,12.4116,9999000,3000,0
W4_priority,-,MinHeap,10000,1.0062,380297,275471,239329
W1_random_access,-,DynamicArray,100000,0.0616,10000,0,0
W1_random_access,-,MyLinkedList,100000,686.8670,502499208,0,0
W2_search,-,DynamicArray,100000,52.5891,74174335,0,74174335
W2_search,-,MyLinkedList,100000,148.6666,74174335,0,74174335
W3_insert_remove,head,DynamicArray,100000,29.5606,1000,200999000,0
W3_insert_remove,head,MyLinkedList,100000,0.0191,1000,3000,0
W3_insert_remove,middle,DynamicArray,100000,14.7617,1000,100999000,0
W3_insert_remove,middle,MyLinkedList,100000,133.1639,99999000,3000,0
W4_priority,-,MinHeap,100000,13.3050,4802524,3387423,3059125
